{
    "title": "Associer les termes avec leurs d\u00e9finitions",
    "library": "H5P.DragText 1.8",
    "pairs": {
        "GPT": "Un mod\u00e8le de traitement du langage d\u00e9velopp\u00e9 par OpenAI.",
        "DALL\u00b7E": "Un mod\u00e8le g\u00e9n\u00e9rant des images \u00e0 partir de descriptions textuelles.",
        "WHISPER": "Un syst\u00e8me de reconnaissance automatique de la parole (ASR).",
        "Copilot": "Un outil d\u2019aide \u00e0 la productivit\u00e9 aliment\u00e9 par l\u2019IA."
    }
}