{
    "title": "Memory : Concepts et D\u00e9finitions de l'IA",
    "library": "H5P.MemoryGame 1.4",
    "pairs": {
        "Alan Turing": "Pionnier de l\u2019informatique et auteur du test de Turing.",
        "Machine Learning": "Apprentissage statistique bas\u00e9 sur des donn\u00e9es.",
        "Deep Learning": "Sous-domaine du Machine Learning utilisant des r\u00e9seaux de neurones profonds.",
        "Big Data": "Quantit\u00e9 massive de donn\u00e9es utilis\u00e9es par les mod\u00e8les d\u2019IA."
    }
}