{
    "title": "Quiz sur l'Histoire de l'IA",
    "library": "H5P.MultiChoice 1.16",
    "questions": [
        {
            "question": "Qui est consid\u00e9r\u00e9 comme le pionnier de l'informatique ayant pos\u00e9 la question 'Les machines peuvent-elles penser ?'",
            "options": [
                "Alan Turing",
                "John McCarthy",
                "Elon Musk",
                "Bill Gates"
            ],
            "correct": 0
        },
        {
            "question": "Quelle ann\u00e9e marque le d\u00e9veloppement du premier programme d\u2019IA, le Logic Theorist ?",
            "options": [
                "1950",
                "1956",
                "1965",
                "1980"
            ],
            "correct": 1
        },
        {
            "question": "Quel est le mod\u00e8le d'IA capable de g\u00e9n\u00e9rer des images \u00e0 partir de descriptions textuelles ?",
            "options": [
                "GPT",
                "DALL\u00b7E",
                "WHISPER",
                "Copilot"
            ],
            "correct": 1
        }
    ]
}